text,source,author,engagement,date
"I absolutely love this brand! Best purchase I've made all year.",Twitter,@tech_user1,1250,2024-04-01
"Terrible customer service, waited 3 hours for a response. Never again.",Reddit,u/frustrated_buyer,340,2024-04-02
"Just okay. Nothing special, but does the job.",Review Site,reviewer123,12,2024-04-02
"Their new product launch is incredible! Game-changing technology 🔥",Twitter,@influencer_x,8900,2024-04-03
"Product broke after 2 weeks. Total waste of money.",LinkedIn,John Smith,45,2024-04-03
"Highly recommend to anyone looking for quality and reliability.",Forum,forum_user_99,88,2024-04-04
"Support team is amazing. Resolved my issue in minutes!",Twitter,@happy_customer,220,2024-04-05
"The update ruined everything. Please roll back.",Reddit,u/devuser42,560,2024-04-05
"Fair pricing for what you get. Average overall.",Review Site,anon_reviewer,5,2024-04-06
"This brand changed my life! I tell everyone about it.",LinkedIn,Sarah Johnson,1100,2024-04-07
"Complete disappointment. Expected much more based on reviews.",Twitter,@let_down_user,230,2024-04-07
"Solid product. Works exactly as described. Happy with my purchase.",Forum,buyer_2024,30,2024-04-08
"CEO interview was inspiring. Company has a great vision.",LinkedIn,business_watcher,450,2024-04-08
"Price hike again? Loyalty means nothing to this company.",Reddit,u/loyal_customer_gone,790,2024-04-09
"Seamless experience from start to finish. 5 stars!",Review Site,verified_buyer,18,2024-04-10
"Product quality has gone down. Missing the old days.",Twitter,@nostalgic_user,110,2024-04-10
"Finally a brand that listens to customer feedback!",LinkedIn,customer_advocate,330,2024-04-11
"Had issues but they made it right. Good recovery.",Review Site,fair_reviewer,22,2024-04-12
"Competitors are doing it better for half the price.",Reddit,u/value_hunter,670,2024-04-12
"Outstanding build quality and design. Very impressed.",Twitter,@design_enthusiast,940,2024-04-13
